{
    "totalresults": [
    {
    "state_id": 34,
    "party_name": "BJP+",
    "lead": "1",
    "won": "0",
    "total": 30
    },
    {
    "state_id": 34,
    "party_name": "SP+",
    "lead": "0",
    "won": "0",
    "total": 20
    },
    {
    "state_id": 34,
    "party_name": "BSP",
    "lead": "0",
    "won": "0",
    "total": 15
    },
    {
    "state_id": 34,
    "party_name": "INC",
    "lead": "0",
    "won": "0",
    "total": 60
    },
    {
    "state_id": 34,
    "party_name": "OTHERS",
    "lead": "0",
    "won": "0",
    "total": 13
    },
    {
    "state_id": 34,
    "total_seats": 403,
    "won_seats": 0,
    "lead_seats": 1,
    "total_count": 128
    },
    {
    "state_id": 28,
    "party_name": "INC",
    "lead": "0",
    "won": "0",
    "total": 10
    },
    {
    "state_id": 28,
    "party_name": "AAP",
    "lead": "0",
    "won": "0",
    "total": 2
    },
    {
    "state_id": 28,
    "party_name": "SAD+",
    "lead": "0",
    "won": "0",
    "total": 5
    },
    {
    "state_id": 28,
    "party_name": "BJP+",
    "lead": "0",
    "won": "0",
    "total": 3
    },
    {
    "state_id": 28,
    "party_name": "OTHERS",
    "lead": "0",
    "won": "0",
    "total": 1
    },
    {
    "state_id": 28,
    "total_seats": 117,
    "won_seats": 0,
    "lead_seats": 0,
    "total_count": 21
    },
    {
    "state_id": 35,
    "party_name": "BJP",
    "lead": "0",
    "won": "0",
    "total": 5
    },
    {
    "state_id": 35,
    "party_name": "INC",
    "lead": "0",
    "won": "0",
    "total": 3
    },
    {
    "state_id": 35,
    "party_name": "AAP",
    "lead": "0",
    "won": "1",
    "total": 21
    },
    {
    "state_id": 35,
    "party_name": "OTHERS",
    "lead": "0",
    "won": "0",
    "total": 1
    },
    {
    "state_id": 35,
    "total_seats": 70,
    "won_seats": 1,
    "lead_seats": 0,
    "total_count": 30
    },
    {
    "state_id": 11,
    "party_name": "BJP",
    "lead": "0",
    "won": "0",
    "total": 4
    },
    {
    "state_id": 11,
    "party_name": "INC+",
    "lead": "0",
    "won": "0",
    "total": 5
    },
    {
    "state_id": 11,
    "party_name": "TMC+",
    "lead": "0",
    "won": "0",
    "total": 1
    },
    {
    "state_id": 11,
    "party_name": "AAP",
    "lead": "0",
    "won": "0",
    "total": 3
    },
    {
    "state_id": 11,
    "party_name": "OTHERS",
    "lead": "0",
    "won": "0",
    "total": 2
    },
    {
    "state_id": 11,
    "total_seats": 40,
    "won_seats": 0,
    "lead_seats": 0,
    "total_count": 15
    },
    {
    "state_id": 22,
    "party_name": "BJP",
    "lead": "0",
    "won": "0",
    "total": 2
    },
    {
    "state_id": 22,
    "party_name": "INC+",
    "lead": "0",
    "won": "0",
    "total": 4
    },
    {
    "state_id": 22,
    "party_name": "NPP",
    "lead": "0",
    "won": "0",
    "total": 5
    },
    {
    "state_id": 22,
    "party_name": "JDU",
    "lead": "0",
    "won": "0",
    "total": 30
    },
    {
    "state_id": 22,
    "party_name": "OTHERS",
    "lead": "0",
    "won": "0",
    "total": 10
    },
    {
    "state_id": 22,
    "total_seats": 60,
    "won_seats": 0,
    "lead_seats": 0,
    "total_count": 51
    }
    ]
    }