{
  "total_seats": "UTTAR PRADESH(403/2)",
  "winning_seats": 2,
  "results": [
  {
  "party_name": "BJP+",
  "Seats Contested": 401,
  "won": "0",
  "lead": "0",
  "total": 0
  },
  {
  "party_name": "SP+",
  "Seats Contested": 401,
  "won": "0",
  "lead": "0",
  "total": 0
  },
  {
  "party_name": "BSP",
  "Seats Contested": 402,
  "won": "0",
  "lead": "0",
  "total": 0
  },
  {
  "party_name": "INC",
  "Seats Contested": 399,
  "won": "1",
  "lead": "0",
  "total": 1
  },
  {
  "party_name": "OTHER",
  "Seats Contested": 401,
  "won": "1",
  "lead": "0",
  "total": 1
  },
  {
  "alliance_name": "BJP+",
  "party_name": "AD(S)",
  "lead": "0",
  "won": "0",
  "total": 0
  },
  {
  "alliance_name": "BJP+",
  "party_name": "NISHAD",
  "lead": "0",
  "won": "0",
  "total": 0
  },
  {
  "alliance_name": "BJP+",
  "party_name": "BJP",
  "lead": "0",
  "won": "0",
  "total": 0
  },
  {
  "alliance_name": "SP+",
  "party_name": "SBSP",
  "lead": "0",
  "won": "0",
  "total": 0
  },
  {
  "alliance_name": "SP+",
  "party_name": "AD (K)",
  "lead": "0",
  "won": "0",
  "total": 0
  },
  {
  "alliance_name": "SP+",
  "party_name": "SP",
  "lead": "0",
  "won": "0",
  "total": 0
  },
  {
  "alliance_name": "SP+",
  "party_name": "RLD",
  "lead": "0",
  "won": "0",
  "total": 0
  },
  {
  "alliance_name": "BSP",
  "party_name": "BSP",
  "lead": "0",
  "won": "0",
  "total": 0
  },
  {
  "alliance_name": "INC",
  "party_name": "INC",
  "lead": "0",
  "won": "1",
  "total": 1
  }
  ]
  }